﻿id,infectedById,timeInfected,timeSampled,sex,location,age,risk
1,-1,0,5,male,A,29,high
2,1,8,13,female,A,31,high
3,1,5,10,male,A,36,high
4,2,12,15,female,A,28,high
5,2,16,20,male,A,41,high
6,3,18,22,female,A,31,high
7,3,20,23,male,A,43,high
8,4,17,20,female,A,39,high
9,4,17,21,male,A,26,high
10,5,26,31,female,A,34,high
11,5,17,22,male,A,38,high
12,6,17,22,female,A,41,high
13,6,20,24,male,A,35,high
14,7,23,28,female,A,27,high
15,7,16,20,male,A,42,high
16,8,29,32,female,A,23,high
17,8,26,29,male,A,37,high
18,9,32,37,female,A,20,high
19,9,27,31,male,A,20,high
20,10,26,30,female,A,35,high
21,10,29,33,male,A,38,medium
22,11,22,26,female,A,41,medium
23,11,28,31,male,A,44,medium
24,12,22,26,female,A,24,medium
25,12,26,31,male,A,24,low
26,13,23,27,female,B,22,high
27,13,22,26,male,B,40,high
28,14,32,36,female,B,38,high
29,14,29,32,male,B,35,high
30,15,29,33,female,B,20,high
31,15,25,30,male,B,42,high
32,16,28,33,female,B,25,high
33,16,31,34,male,B,21,high
34,17,38,41,female,B,28,high
35,17,28,33,male,B,33,high
36,18,37,42,female,B,35,high
37,18,38,41,male,B,44,high
38,19,35,38,female,B,21,high
39,19,29,32,male,B,39,high
40,20,32,36,female,B,39,high
41,20,34,38,male,B,24,high
42,21,30,34,female,B,28,high
43,21,36,40,male,B,24,high
44,22,28,33,female,B,44,high
45,22,31,35,male,B,21,high
46,23,35,38,female,B,28,medium
47,23,32,35,male,B,44,medium
48,24,33,38,female,B,26,medium
49,24,37,41,male,B,31,low
50,25,28,31,female,B,24,low
51,25,32,37,male,C,23,low
52,26,38,43,female,C,43,high
53,26,31,36,male,C,26,high
54,27,30,35,female,C,24,high
55,27,34,38,male,C,41,high
56,28,30,33,female,C,21,high
57,28,30,33,male,C,29,high
58,29,32,37,female,C,27,high
59,29,38,41,male,C,28,high
60,30,30,35,female,C,35,high
61,30,37,41,male,C,29,high
62,31,30,33,female,C,27,high
63,31,34,38,male,C,39,high
64,32,40,43,female,C,42,high
65,32,44,47,male,C,34,high
66,33,38,41,female,C,32,high
67,33,38,42,male,C,31,high
68,34,40,44,female,C,35,high
69,34,44,48,male,C,30,high
70,35,36,40,female,C,33,high
71,35,38,41,male,C,36,low
72,36,40,44,female,C,21,high
73,36,35,38,male,C,44,medium
74,37,38,43,female,C,25,medium
75,37,40,43,male,C,33,medium
76,38,37,40,female,C,43,medium
77,38,42,46,male,C,35,medium
78,39,34,39,female,C,20,low
79,39,44,49,male,C,44,medium
80,40,42,47,female,C,33,medium
81,40,36,41,male,C,36,medium
82,41,44,48,female,C,20,medium
83,41,40,43,male,C,33,medium
84,42,36,40,female,C,30,medium
85,42,41,45,male,C,23,medium
86,43,38,42,female,C,39,medium
87,43,35,40,male,C,36,medium
88,44,41,45,female,C,32,medium
89,44,44,49,male,C,39,medium
90,45,35,39,female,C,26,medium
91,45,39,44,male,C,39,low
92,46,37,41,female,C,41,low
93,46,37,42,male,C,21,medium
94,47,39,43,female,C,25,medium
95,47,42,46,male,C,30,medium
96,48,35,39,female,C,36,medium
97,48,36,39,male,C,37,medium
98,49,34,37,female,C,21,medium
99,49,44,48,male,C,29,low
100,50,37,40,female,C,28,low
